0,1,2,3
맨인블랙박스,시사교양,https://www.wavve.com/https://www.wavve.com/img/element-icons-72-x-72-ic-vod-12-years.e57f88d0.svg,https://image.wavve.com/v1/thumbnails/480_720_20_80/meta/image/202307/1689928200728601875.jpg
그것이알고싶다,시사교양,모든연령,https://image.wavve.com/v1/thumbnails/480_720_20_80/BMS/TVSeason/2022/S01_V0000010101-Vertical_LogoY.jpg
1박2일 시즌4,예능,https://www.wavve.com/https://www.wavve.com/img/element-icons-72-x-72-ic-vod-15-years.3f150ba7.svg,https://image.wavve.com/v1/thumbnails/480_720_20_80/BMS/TVSeason/2023/K02_T2005-0230_1-2.jpg
미스터 로또,예능,https://www.wavve.com/https://www.wavve.com/img/element-icons-72-x-72-ic-vod-15-years.3f150ba7.svg,https://image.wavve.com/v1/thumbnails/480_720_20_80/meta/image/202305/1684114201064703606.jpg
대탈출3,애니메이션,https://www.wavve.com/https://www.wavve.com/img/element-icons-72-x-72-ic-vod-15-years.3f150ba7.svg,https://image.wavve.com/v1/thumbnails/480_270_20_80/BMS/CR02/2016/CR02_DN0000000018/CR02_DN0000000018_01_0005.jpg
태어난 김에 세계일주2,예능,https://www.wavve.com/https://www.wavve.com/img/element-icons-72-x-72-ic-vod-15-years.3f150ba7.svg,https://image.wavve.com/v1/thumbnails/480_720_20_80/meta/image/202306/1687325323598447937.jpg
슈퍼맨이돌아왔다,예능,https://www.wavve.com/https://www.wavve.com/img/element-icons-72-x-72-ic-vod-12-years.e57f88d0.svg,https://image.wavve.com/v1/thumbnails/480_720_20_80/BMS/TVSeason/2022/K02_T2013-0476-Vertical_LogoY.jpg
동상이몽 2 너는 내 운명,예능,https://www.wavve.com/https://www.wavve.com/img/element-icons-72-x-72-ic-vod-15-years.3f150ba7.svg,https://image.wavve.com/v1/thumbnails/480_720_20_80/meta/image/202309/1694567852805413920.jpg
나 혼자산다,예능,https://www.wavve.com/https://www.wavve.com/img/element-icons-72-x-72-ic-vod-15-years.3f150ba7.svg,https://image.wavve.com/v1/thumbnails/480_720_20_80/meta/image/202311/1699601487098289299.jpg
미운우리새끼,예능,https://www.wavve.com/https://www.wavve.com/img/element-icons-72-x-72-ic-vod-15-years.3f150ba7.svg,https://image.wavve.com/v1/thumbnails/480_720_20_80/meta/image/202309/1694567889921781949.jpg
궁금한이야기Y,시사교양,https://www.wavve.com/https://www.wavve.com/img/element-icons-72-x-72-ic-vod-15-years.3f150ba7.svg,https://image.wavve.com/v1/thumbnails/480_720_20_80/meta/image/202310/1698381900645399156.jpg
뿅뿅 지구오락실2,드라마,https://www.wavve.com/https://www.wavve.com/img/element-icons-72-x-72-ic-vod-15-years.3f150ba7.svg,https://image.wavve.com/v1/thumbnails/480_720_20_80/BMS/TVProgram/2023/PRG_S01_V0000345179-Vertical_LogoY.jpg
세컨 하우스2,예능,https://www.wavve.com/https://www.wavve.com/img/element-icons-72-x-72-ic-vod-15-years.3f150ba7.svg,https://image.wavve.com/v1/thumbnails/480_720_20_80/meta/image/202305/1685433600767804031.jpg
SBS인기가요,예능,https://www.wavve.com/https://www.wavve.com/img/element-icons-72-x-72-ic-vod-15-years.3f150ba7.svg,https://image.wavve.com/v1/thumbnails/480_720_20_80/meta/image/202307/1690359301014886288.jpg
복면가왕,예능,https://www.wavve.com/https://www.wavve.com/img/element-icons-72-x-72-ic-vod-12-years.e57f88d0.svg,https://image.wavve.com/v1/thumbnails/480_720_20_80/meta/image/202309/1694764800740885990.png
정글의 법칙 in 코타 마나도,예능,https://www.wavve.com/https://www.wavve.com/img/element-icons-72-x-72-ic-vod-15-years.3f150ba7.svg,https://image.wavve.com/v1/thumbnails/480_270_20_80/BMS/201701/20170109/dbxscvlsjxqdyof.jpg
살림하는 남자들 2,예능,https://www.wavve.com/https://www.wavve.com/img/element-icons-72-x-72-ic-vod-15-years.3f150ba7.svg,https://image.wavve.com/v1/thumbnails/480_720_20_80/202302/20230221/5d00df9888881c85d480df9eb9505117.jpg
황금어장 라디오스타,예능,https://www.wavve.com/https://www.wavve.com/img/element-icons-72-x-72-ic-vod-15-years.3f150ba7.svg,https://image.wavve.com/v1/thumbnails/480_270_20_80/201909/20190919/8974d3da02449358e4a4e09f5ab10c17.jpg
스트릿 우먼 파이터 2,예능,https://www.wavve.com/https://www.wavve.com/img/element-icons-72-x-72-ic-vod-15-years.3f150ba7.svg,https://image.wavve.com/v1/thumbnails/480_270_20_80/202110/20211012/fd440f1e47ea5b308fcc43d23680bc42.jpg
물 건너온 아빠들,예능,https://www.wavve.com/https://www.wavve.com/img/element-icons-72-x-72-ic-vod-12-years.e57f88d0.svg,https://image.wavve.com/v1/thumbnails/480_720_20_80/BMS/TVSeason/2022/M_T70675G-Vertical_LogoY.jpg
세상에이런일이,시사교양,https://www.wavve.com/https://www.wavve.com/img/element-icons-72-x-72-ic-vod-12-years.e57f88d0.svg,https://image.wavve.com/v1/thumbnails/480_720_20_80/meta/image/202306/1685689201086120429.jpg
더시즌즈 박재범의 드라이브,예능,https://www.wavve.com/https://www.wavve.com/img/element-icons-72-x-72-ic-vod-15-years.3f150ba7.svg,https://image.wavve.com/v1/thumbnails/480_270_20_80/202302/20230206/c6980c786364cd59f0f3dfd65b2c49a9.jpg
소방서 옆 경찰서 그리고 국과수,드라마,https://www.wavve.com/https://www.wavve.com/img/element-icons-72-x-72-ic-vod-15-years.3f150ba7.svg,https://image.wavve.com/v1/thumbnails/480_720_20_80/meta/image/202308/1691139601042802997.jpg
뿌리깊은나무,드라마,https://www.wavve.com/https://www.wavve.com/img/element-icons-72-x-72-ic-vod-15-years.3f150ba7.svg,https://image.wavve.com/v1/thumbnails/480_720_20_80/meta/image/202309/1695274159571701834.jpg
낭만닥터 김사부2,드라마,https://www.wavve.com/https://www.wavve.com/img/element-icons-72-x-72-ic-vod-15-years.3f150ba7.svg,https://image.wavve.com/v1/thumbnails/480_720_20_80/BMS/TVSeason/2022/S01_V446232082-Vertical_LogoY.jpg
낭만닥터 김사부3,드라마,https://www.wavve.com/https://www.wavve.com/img/element-icons-72-x-72-ic-vod-15-years.3f150ba7.svg,https://image.wavve.com/v1/thumbnails/480_720_20_80/BMS/TVSeason/2023/S01_P463878655-Vertical_LogoY.jpg
연인 파트1,드라마,https://www.wavve.com/https://www.wavve.com/img/element-icons-72-x-72-ic-vod-15-years.3f150ba7.svg,https://image.wavve.com/v1/thumbnails/480_720_20_80/meta/image/202310/1698285591438461951.jpg
모범택시 2,드라마,https://www.wavve.com/https://www.wavve.com/img/element-icons-72-x-72-ic-vod-15-years.3f150ba7.svg,https://image.wavve.com/v1/thumbnails/480_720_20_80/BMS/TVSeason/2023/S01_P461258601-Vertical_LogoY-RERE.jpg
역할놀이,키즈,모든연령,https://image.wavve.com/v1/thumbnails/480_720_20_80/BMS/program_poster/202111/C8201_C82000000371-2.jpg
엘리가간다 시즌7,키즈,모든연령,https://image.wavve.com/v1/thumbnails/480_720_20_80/BMS/program_poster/201809/C6701_C67000000010.jpg
안녕? 우리 몸,드라마,https://www.wavve.com/https://www.wavve.com/img/element-icons-72-x-72-ic-vod-15-years.3f150ba7.svg,https://image.wavve.com/v1/thumbnails/480_270_20_80/202201/20220113/f9a9a78c9a118ed9d1f8bef678b24bf3.jpg
캐빈의 호기심 아파트,키즈,모든연령,https://image.wavve.com/v1/thumbnails/480_270_20_80/202009/20200923/a3c1ba9e1723c29a34637fed607e0d71.jpg
에그박사 2,시사교양,https://www.wavve.com/https://www.wavve.com/img/element-icons-72-x-72-ic-vod-7-years.69dabbb2.svg,https://image.wavve.com/v1/thumbnails/480_270_20_80/202106/20210625/eaa930015e0f46a81890846d9c086ea0.jpg
헤이지니 시즌1,키즈,모든연령,https://image.wavve.com/v1/thumbnails/480_720_20_80/BMS/program_poster/201804/K02_T2007-0154_1.jpg
티티체리,키즈,https://www.wavve.com/https://www.wavve.com/img/element-icons-72-x-72-ic-vod-12-years.e57f88d0.svg,https://image.wavve.com/v1/thumbnails/480_720_20_80/BMS/program_poster/202202/C6801_C68000000045-2.jpg
캐리와친구들의 장난감놀이,키즈,모든연령,https://image.wavve.com/v1/thumbnails/480_270_20_80/meta/image/202309/1695185192587053268.jpg
엘리야 캠핑가자,키즈,모든연령,https://image.wavve.com/v1/thumbnails/480_720_20_80/BMS/program_poster/201809/C6701_C67000000011.jpg
핑크퐁 튼튼쌤 율동체조,키즈,모든연령,https://image.wavve.com/v1/thumbnails/480_270_20_80/fz/202205/20220504/235ff2dbefb1879f961fbcd65e6a3362.jpg
캐리와 친구들의 장난감놀이 시즌4,키즈,모든연령,https://image.wavve.com/v1/thumbnails/480_270_20_80/meta/image/202309/1695185192587053268.jpg
캐리와친구들의 장난감놀이 시즌2,키즈,모든연령,https://image.wavve.com/v1/thumbnails/480_270_20_80/meta/image/202309/1695185192587053268.jpg
체리툰,키즈,https://www.wavve.com/https://www.wavve.com/img/element-icons-72-x-72-ic-vod-15-years.3f150ba7.svg,https://image.wavve.com/v1/thumbnails/480_720_20_80/BMS/program_poster/202210/F2201_F22000000003-2.jpg
로빈TV 미니게임 PART6,크리에이터,https://www.wavve.com/https://www.wavve.com/img/element-icons-72-x-72-ic-vod-15-years.3f150ba7.svg,https://image.wavve.com/v1/thumbnails/480_720_20_80/BMS/program_poster/202201/F5001_F50000000033-2.jpg
헬로카봇 시즌9,키즈,https://www.wavve.com/https://www.wavve.com/img/element-icons-72-x-72-ic-vod-7-years.69dabbb2.svg,https://image.wavve.com/v1/thumbnails/480_720_20_80/BMS/program_poster/202010/C6801_C68000000031-2.jpg
헬로카봇 시즌10 뱅,키즈,https://www.wavve.com/https://www.wavve.com/img/element-icons-72-x-72-ic-vod-7-years.69dabbb2.svg,https://image.wavve.com/v1/thumbnails/480_720_20_80/BMS/program_poster/202102/C6801_C68000000036-2.jpg
알사탕,시사교양,모든연령,https://image.wavve.com/v1/thumbnails/480_270_20_80/201803/20180319/5ea18df97fcd14c6c29f7f34616edb56.jpg
UHD로 만나는 TV 문학관,드라마,https://www.wavve.com/https://www.wavve.com/img/element-icons-72-x-72-ic-vod-15-years.3f150ba7.svg,https://image.wavve.com/v1/thumbnails/480_720_20_80/BMS/TVSeason/2023/K02_T2023-0027-Vertical_LogoY-RERE.jpg
SBS스페셜,시사교양,모든연령,https://image.wavve.com/v1/thumbnails/480_720_20_80/fz/202209/20220905/36eaf1ea626f58e7af62a72269530fb3.jpg
TV소설 은희,드라마,https://www.wavve.com/https://www.wavve.com/img/element-icons-72-x-72-ic-vod-15-years.3f150ba7.svg,https://image.wavve.com/v1/thumbnails/480_720_20_80/BMS/program_poster/201802/K02_T2013-0136.jpg
아이두아이두,드라마,https://www.wavve.com/https://www.wavve.com/img/element-icons-72-x-72-ic-vod-15-years.3f150ba7.svg,https://image.wavve.com/v1/thumbnails/480_720_20_80/202105/20210520/55bbf0bf4601064f8d5ef8ab54719ac1.jpg
연인 파트1 TV무비,드라마,https://www.wavve.com/https://www.wavve.com/img/element-icons-72-x-72-ic-vod-15-years.3f150ba7.svg,https://image.wavve.com/v1/thumbnails/480_720_20_80/meta/image/202309/1694768400865849680.jpg
연인 파트1 리와인드 필름,드라마,https://www.wavve.com/https://www.wavve.com/img/element-icons-72-x-72-ic-vod-15-years.3f150ba7.svg,https://image.wavve.com/v1/thumbnails/480_720_20_80/meta/image/202309/1694045701270103956.jpg
로빈TV 미니게임 PART4,크리에이터,https://www.wavve.com/https://www.wavve.com/img/element-icons-72-x-72-ic-vod-15-years.3f150ba7.svg,https://image.wavve.com/v1/thumbnails/480_720_20_80/BMS/program_poster/202201/F5001_F50000000033-2.jpg
에드머 너 몰래 먹방 ASMR,크리에이터,https://www.wavve.com/https://www.wavve.com/img/element-icons-72-x-72-ic-vod-15-years.3f150ba7.svg,https://image.wavve.com/v1/thumbnails/480_720_20_80/BMS/program_poster/202112/F5001_F50000000019-2.jpg
뽀로로 지구탐험동화,키즈,모든연령,https://image.wavve.com/v1/thumbnails/480_720_20_80/BMS/TVSeason/2022/F2301_F23000000391-Vertical_LogoY.jpg
핑크퐁 바다동물동요,키즈,모든연령,https://image.wavve.com/v1/thumbnails/480_720_20_80/BMS/program_poster/202004/C9601_C96000000008-2.jpg
핑크퐁 모양송,키즈,모든연령,https://image.wavve.com/v1/thumbnails/480_720_20_80/BMS/program_poster/202011/C9601_C96000000038-2.jpg
핑크퐁 상어가족과 노래해요 3,키즈,모든연령,https://image.wavve.com/v1/thumbnails/480_720_20_80/BMS/program_poster/202102/C9601_C96000000064-2.jpg
캐리의 마녀 슬라임 연구소,키즈,모든연령,https://image.wavve.com/v1/thumbnails/480_720_20_80/BMS/program_poster/201809/C6701_C67000000006.jpg
함께 놀자 뽀로로,키즈,모든연령,https://image.wavve.com/v1/thumbnails/480_720_20_80/BMS/TVSeason/2023/F2301_F23000000436-Vertical_LogoY.jpg
콩순이 율동교실 5기,키즈,모든연령,https://image.wavve.com/v1/thumbnails/480_720_20_80/BMS/program_poster/202012/F0901_F09000000010-2.jpg
돼지저금통 Part 14,키즈,모든연령,https://image.wavve.com/v1/thumbnails/480_270_20_80/202205/20220504/52a2718100d5271e227b38178aba33d5.jpg
악어TV 어몽어스,크리에이터,https://www.wavve.com/https://www.wavve.com/img/element-icons-72-x-72-ic-vod-15-years.3f150ba7.svg,https://image.wavve.com/v1/thumbnails/480_720_20_80/BMS/program_poster/202202/F5001_F50000000040-2.jpg
신도라에몽 15기,애니메이션,모든연령,https://image.wavve.com/v1/thumbnails/480_720_20_80/BMS/program_poster/202103/CR02_DN0000000326-2.jpg
신도라에몽 21기,애니메이션,모든연령,https://image.wavve.com/v1/thumbnails/480_720_20_80/BMS/program_poster/202103/CR02_DN0000000326-2.jpg
꾹TV 시즌4,크리에이터,https://www.wavve.com/https://www.wavve.com/img/element-icons-72-x-72-ic-vod-15-years.3f150ba7.svg,https://image.wavve.com/v1/thumbnails/480_720_20_80/BMS/TVSeason/2023/A01_A00000000344-Vertical_LogoY.jpg
꾹TV 시즌3,크리에이터,https://www.wavve.com/https://www.wavve.com/img/element-icons-72-x-72-ic-vod-15-years.3f150ba7.svg,https://image.wavve.com/v1/thumbnails/480_720_20_80/BMS/TVSeason/2023/A01_A00000000344-Vertical_LogoY.jpg
신도라에몽 20기,애니메이션,모든연령,https://image.wavve.com/v1/thumbnails/480_720_20_80/BMS/program_poster/202103/CR02_DN0000000326-2.jpg
신도라에몽1기,애니메이션,모든연령,https://image.wavve.com/v1/thumbnails/480_720_20_80/BMS/program_poster/201802/CR02_DN0000000028.jpg
신도라에몽 14기,애니메이션,모든연령,https://image.wavve.com/v1/thumbnails/480_720_20_80/BMS/program_poster/202103/CR02_DN0000000326-2.jpg
또봇1기 변신자동차 또봇,키즈,https://www.wavve.com/https://www.wavve.com/img/element-icons-72-x-72-ic-vod-7-years.69dabbb2.svg,https://image.wavve.com/v1/thumbnails/480_720_20_80/BMS/TVSeason/2023/F0901_F09000000033-Vertical_LogoY.jpg
또봇2기 합체또봇 타이탄,키즈,https://www.wavve.com/https://www.wavve.com/img/element-icons-72-x-72-ic-vod-7-years.69dabbb2.svg,https://image.wavve.com/v1/thumbnails/480_720_20_80/BMS/TVSeason/2023/F0901_F09000000034-Vertical_LogoY.jpg
추석특집오은영리포트결혼지옥탈출기,예능,https://www.wavve.com/https://www.wavve.com/img/element-icons-72-x-72-ic-vod-15-years.3f150ba7.svg,https://image.wavve.com/v1/thumbnails/480_270_20_80/202209/20220908/b384e3e3be636938f4326eb0afe0a374.jpg
다큐인사이트 한우랩소디,시사교양,모든연령,https://image.wavve.com/v1/thumbnails/480_270_20_80/202304/20230410/593a47621e575197dbe216b091e923f9.jpg
장애인의 날 특집 봄날의 기적,시사교양,모든연령,https://image.wavve.com/v1/thumbnails/480_270_20_80/201904/20190423/1b15ca5569e33d37ccb1b75d7a963fc3.jpg
시사직격,시사교양,모든연령,https://image.wavve.com/v1/thumbnails/480_720_20_80/202112/20211208/9870b871288c6a9eaca4d0cd0080ac62.jpg
UHD 환경스페셜 2,시사교양,모든연령,https://image.wavve.com/v1/thumbnails/480_720_20_80/fz/202212/20221201/8a42747511e1492e459d7029a9317676.jpg
슈퍼맨이돌아왔다 스페셜,예능,https://www.wavve.com/https://www.wavve.com/img/element-icons-72-x-72-ic-vod-12-years.e57f88d0.svg,https://image.wavve.com/v1/thumbnails/480_270_20_80/fz/202211/20221126/85a8fc2c564f6daea183cb1c24dd9c5b.jpg
전국민민원해결프로젝트 일꾼의탄생,시사교양,모든연령,https://image.wavve.com/v1/thumbnails/480_720_20_80/BMS/program_poster/202211/K01_T2021-0377-2.jpg
특별기획 K 푸드의 대항해,시사교양,모든연령,https://image.wavve.com/v1/thumbnails/480_270_20_80/fz/202211/20221125/85daff3ee43157b81cb91e8c2103ef53.jpg
9층 시사국,시사교양,모든연령,https://image.wavve.com/v1/thumbnails/480_720_20_80/202301/20230131/dc9f4052300c26478da7ba55661e1277.jpg
걸어서세계속으로,시사교양,모든연령,https://image.wavve.com/v1/thumbnails/480_720_20_80/fz/202207/20220711/f7050721de171fc3032e38559df0a031.jpg
정글의 법칙 in 멕시코,예능,https://www.wavve.com/https://www.wavve.com/img/element-icons-72-x-72-ic-vod-15-years.3f150ba7.svg,https://image.wavve.com/v1/thumbnails/480_270_20_80/201807/20180702/c607a81a4a380b0e7e8f549ad809ea92.jpg
신서유기 시즌4,시사교양,모든연령,https://image.wavve.com/v1/thumbnails/480_270_20_80/201801/20180129/b5a12840d2dd766972b769a6e96a16bb.jpg
코미디 청백전 사이다,예능,https://www.wavve.com/https://www.wavve.com/img/element-icons-72-x-72-ic-vod-15-years.3f150ba7.svg,https://image.wavve.com/v1/thumbnails/480_720_20_80/201907/20190723/c32ef58e0e8b5f0f953e8d13a8ded241.jpg
빈집살래 시즌3   수리수리 마을수리,시사교양,https://www.wavve.com/https://www.wavve.com/img/element-icons-72-x-72-ic-vod-12-years.e57f88d0.svg,https://image.wavve.com/v1/thumbnails/480_720_20_80/meta/image/202307/1690512300954758553.jpg
나는가수다3,예능,https://www.wavve.com/https://www.wavve.com/img/element-icons-72-x-72-ic-vod-15-years.3f150ba7.svg,https://image.wavve.com/v1/thumbnails/480_720_20_80/201912/20191218/6bde15f1ecda6f2e8e4e1d4576beede8.jpg
정글의 법칙 in 쿡아일랜드,예능,https://www.wavve.com/https://www.wavve.com/img/element-icons-72-x-72-ic-vod-15-years.3f150ba7.svg,https://image.wavve.com/v1/thumbnails/480_270_20_80/201801/20180131/f0e7a66c90b32860c672f4ee788349d7.jpg
정글의 법칙 in 북마리아나,예능,https://www.wavve.com/https://www.wavve.com/img/element-icons-72-x-72-ic-vod-15-years.3f150ba7.svg,https://image.wavve.com/v1/thumbnails/480_270_20_80/201902/20190218/5dba6af71ee3443f71735f0a9beffdff.jpg
2022 창원 K POP 월드 페스티벌,예능,모든연령,https://image.wavve.com/v1/thumbnails/480_720_20_80/202210/20221025/b3f25373e12f6706590d53278ef50589.jpg
우리도 국가대표다,예능,https://www.wavve.com/https://www.wavve.com/img/element-icons-72-x-72-ic-vod-12-years.e57f88d0.svg,https://image.wavve.com/v1/thumbnails/480_720_20_80/BMS/program_poster/201802/C2501_WPG2170138D.jpg
신서유기 시즌8,시사교양,모든연령,https://image.wavve.com/v1/thumbnails/480_270_20_80/201801/20180129/b5a12840d2dd766972b769a6e96a16bb.jpg
정글의 법칙 in 파타고니아,예능,https://www.wavve.com/https://www.wavve.com/img/element-icons-72-x-72-ic-vod-15-years.3f150ba7.svg,https://image.wavve.com/v1/thumbnails/480_270_20_80/201804/20180409/a6552929240462111d511a4a6c8b70ed.jpg
정글의법칙in펜트아일랜드 욕망의섬,예능,https://www.wavve.com/https://www.wavve.com/img/element-icons-72-x-72-ic-vod-15-years.3f150ba7.svg,https://image.wavve.com/v1/thumbnails/480_270_20_80/202105/20210531/3a9175d5f17a7b455072ae63a72dc448.jpg
추석특집 우리들의 트로트,예능,https://www.wavve.com/https://www.wavve.com/img/element-icons-72-x-72-ic-vod-12-years.e57f88d0.svg,https://image.wavve.com/v1/thumbnails/480_270_20_80/202209/20220915/a1389711cb5f9feb3be09d57334208c7.jpg
신서유기 시즌3,시사교양,모든연령,https://image.wavve.com/v1/thumbnails/480_270_20_80/201801/20180129/b5a12840d2dd766972b769a6e96a16bb.jpg
정글의 법칙 in 폰페이,예능,https://www.wavve.com/https://www.wavve.com/img/element-icons-72-x-72-ic-vod-15-years.3f150ba7.svg,https://image.wavve.com/v1/thumbnails/480_270_20_80/202001/20200128/298915ac96659f9c0d50a7f7f3e3ffef.jpg
정글의 법칙 in 와일드코리아,예능,https://www.wavve.com/https://www.wavve.com/img/element-icons-72-x-72-ic-vod-15-years.3f150ba7.svg,https://image.wavve.com/v1/thumbnails/480_270_20_80/202009/20200907/87ba9256b9c4aff1f76757cb473d955d.jpg
신비한TV서프라이즈,예능,https://www.wavve.com/https://www.wavve.com/img/element-icons-72-x-72-ic-vod-12-years.e57f88d0.svg,https://image.wavve.com/v1/thumbnails/480_720_20_80/BMS/TVSeason/2022/M_1000825100000100000-Vertical_LogoY.jpg
정글의 법칙 개척자들,예능,https://www.wavve.com/https://www.wavve.com/img/element-icons-72-x-72-ic-vod-15-years.3f150ba7.svg,https://image.wavve.com/v1/thumbnails/480_270_20_80/202103/20210322/d825e2fd0ad85c855b07b4ee827a4f6b.jpg
어촌캠프,예능,https://www.wavve.com/https://www.wavve.com/img/element-icons-72-x-72-ic-vod-12-years.e57f88d0.svg,https://image.wavve.com/v1/thumbnails/480_720_20_80/201804/20180427/455fa0f83fbb86ecc3903a13bb2c0b5c.jpg
마이 리틀텔레비전,예능,https://www.wavve.com/https://www.wavve.com/img/element-icons-72-x-72-ic-vod-15-years.3f150ba7.svg,https://image.wavve.com/v1/thumbnails/480_720_20_80/202105/20210524/59fe2d31cd5df5dd4ac820976653fb59.jpg
SBS 슈퍼 콘서트 IN 마드리드,예능,https://www.wavve.com/https://www.wavve.com/img/element-icons-72-x-72-ic-vod-15-years.3f150ba7.svg,https://image.wavve.com/v1/thumbnails/480_270_20_80/meta/image/202308/1691387101810994213.png
마지막승부,드라마,https://www.wavve.com/https://www.wavve.com/img/element-icons-72-x-72-ic-vod-15-years.3f150ba7.svg,https://image.wavve.com/v1/thumbnails/480_720_20_80/BMS/program_poster/202109/M_T64110G-2.jpg
그래도당신,드라마,https://www.wavve.com/https://www.wavve.com/img/element-icons-72-x-72-ic-vod-15-years.3f150ba7.svg,https://image.wavve.com/v1/thumbnails/480_720_20_80/BMS/program_poster/201802/S01_V0000364738.jpg
연모 국제에미상 수상 기념 스페셜,드라마,https://www.wavve.com/https://www.wavve.com/img/element-icons-72-x-72-ic-vod-15-years.3f150ba7.svg,https://image.wavve.com/v1/thumbnails/480_720_20_80/202211/20221128/dbc941224a838e70e81c4c6072c9ffaa.jpg
내이름은김삼순,드라마,https://www.wavve.com/https://www.wavve.com/img/element-icons-72-x-72-ic-vod-15-years.3f150ba7.svg,https://image.wavve.com/v1/thumbnails/480_720_20_80/BMS/TVSeason/2023/M_T64088G-Vertical_LogoY.jpg
불의여신 정이,드라마,https://www.wavve.com/https://www.wavve.com/img/element-icons-72-x-72-ic-vod-15-years.3f150ba7.svg,https://image.wavve.com/v1/thumbnails/480_720_20_80/202105/20210520/5f7a2e0052c382ddab7b2bbcb66dedf6.jpg
에그박사 4,시사교양,https://www.wavve.com/https://www.wavve.com/img/element-icons-72-x-72-ic-vod-7-years.69dabbb2.svg,https://image.wavve.com/v1/thumbnails/480_270_20_80/202106/20210625/eaa930015e0f46a81890846d9c086ea0.jpg
파뿌리극장,예능,모든연령,https://image.wavve.com/v1/thumbnails/480_720_20_80/meta/image/202307/1689054104685850026.jpg
엘리가간다 시즌12,키즈,모든연령,https://image.wavve.com/v1/thumbnails/480_720_20_80/BMS/program_poster/201809/C6701_C67000000010.jpg
라바 키즈동요 Part3,키즈,모든연령,https://image.wavve.com/v1/thumbnails/480_720_20_80/BMS/program_poster/201908/C8201_C82000000129_2.jpg
로티프렌즈 놀이공원 동요,키즈,모든연령,https://image.wavve.com/v1/thumbnails/480_720_20_80/BMS/program_poster/202210/F7701_F77000000001-2.jpg
달려라 캐리,키즈,모든연령,https://image.wavve.com/v1/thumbnails/480_720_20_80/BMS/TVSeason/2023/C6701_C67000000077-Vertical_LogoY.jpg
핑크퐁 동물 동요,키즈,모든연령,https://image.wavve.com/v1/thumbnails/480_720_20_80/BMS/program_poster/202110/C9601_C96000000095-2.jpg
캐리tv 댄스cool,키즈,모든연령,https://image.wavve.com/v1/thumbnails/480_720_20_80/BMS/TVSeason/2023/C6701_C67000000078-Vertical_LogoY.jpg
아따맘마 Part2,애니메이션,https://www.wavve.com/https://www.wavve.com/img/element-icons-72-x-72-ic-vod-12-years.e57f88d0.svg,https://image.wavve.com/v1/thumbnails/480_720_20_80/meta/image/202308/1691382235838369046.jpg
레벨1이지만 유니크스킬로 최강입니다,애니메이션,https://www.wavve.com/https://www.wavve.com/img/element-icons-72-x-72-ic-vod-15-years.3f150ba7.svg,https://image.wavve.com/v1/thumbnails/480_720_20_80/meta/image/202307/1689123491944660709.jpg
문호 스트레이독스 5기,애니메이션,https://www.wavve.com/https://www.wavve.com/img/element-icons-72-x-72-ic-vod-15-years.3f150ba7.svg,https://image.wavve.com/v1/thumbnails/480_720_20_80/meta/image/202307/1689639162606024382.jpg
Fate Stay night Part 2,애니메이션,https://www.wavve.com/https://www.wavve.com/img/element-icons-72-x-72-ic-vod-15-years.3f150ba7.svg,https://image.wavve.com/v1/thumbnails/480_720_20_80/BMS/program_poster/201809/C6101_C61000000001.jpg
포켓몬스터 썬 앤 문,애니메이션,https://www.wavve.com/https://www.wavve.com/img/element-icons-72-x-72-ic-vod-7-years.69dabbb2.svg,https://image.wavve.com/v1/thumbnails/480_720_20_80/BMS/TVSeason/2023/F0101_F01000000001-Vertical_LogoY.jpg
쫑알쫑알 똘똘이 시즌5,키즈,모든연령,https://image.wavve.com/v1/thumbnails/480_720_20_80/202302/20230224/34d8fcbc5cd33836fc4b1b2c3775d332.jpg
티티체리 스페셜,키즈,https://www.wavve.com/https://www.wavve.com/img/element-icons-72-x-72-ic-vod-7-years.69dabbb2.svg,https://image.wavve.com/v1/thumbnails/480_720_20_80/BMS/TVSeason/2023/C6801_C68000000058-Vertical_LogoY.jpg
안녕자두야 시즌5,키즈,https://www.wavve.com/https://www.wavve.com/img/element-icons-72-x-72-ic-vod-7-years.69dabbb2.svg,https://image.wavve.com/v1/thumbnails/480_720_20_80/BMS/TVSeason/2023/F6201_F62000000007-Vertical_LogoY.jpg
새로운아따맘마,애니메이션,https://www.wavve.com/https://www.wavve.com/img/element-icons-72-x-72-ic-vod-12-years.e57f88d0.svg,https://image.wavve.com/v1/thumbnails/480_270_20_80/202303/20230331/8faf4777cc7ca002241d88833e34bb75.jpg
원피스오리지널 15기,애니메이션,https://www.wavve.com/https://www.wavve.com/img/element-icons-72-x-72-ic-vod-15-years.3f150ba7.svg,https://image.wavve.com/v1/thumbnails/480_720_20_80/BMS/TVSeason/2023/CR02_DN0000000194-Vertical_LogoY.jpg
블리치 2기,애니메이션,https://www.wavve.com/https://www.wavve.com/img/element-icons-72-x-72-ic-vod-15-years.3f150ba7.svg,https://image.wavve.com/v1/thumbnails/480_720_20_80/BMS/TVSeason/2023/CR02_DN0000000449-Vertical_LogoY.jpg
원피스 오리지널 14기,애니메이션,https://www.wavve.com/https://www.wavve.com/img/element-icons-72-x-72-ic-vod-15-years.3f150ba7.svg,https://image.wavve.com/v1/thumbnails/480_720_20_80/BMS/TVSeason/2023/CR02_DN0000000179-Vertical_LogoY.jpg
블리치 천년혈전 편,애니메이션,https://www.wavve.com/https://www.wavve.com/img/element-icons-72-x-72-ic-vod-15-years.3f150ba7.svg,https://image.wavve.com/v1/thumbnails/480_720_20_80/BMS/TVSeason/2023/CR02_DN0000000448-Vertical_LogoY.jpg
더 늦기 전에,시사교양,https://www.wavve.com/https://www.wavve.com/img/element-icons-72-x-72-ic-vod-15-years.3f150ba7.svg,https://image.wavve.com/v1/thumbnails/480_720_20_80/BMS/TVSeason/2023/C7201_C72000000114-Vertical_LogoY.jpg
경상남도 김해시,시사교양,모든연령,https://image.wavve.com/v1/thumbnails/480_270_20_80/meta/image/202310/1696990508318157107.jpg
라바와 함께 즐거운 게임,키즈,모든연령,https://image.wavve.com/v1/thumbnails/480_720_20_80/BMS/program_poster/202202/C8201_C82000000426-2.jpg
PICU 소아집중치료실,해외시리즈,https://www.wavve.com/https://www.wavve.com/img/element-icons-72-x-72-ic-vod-15-years.3f150ba7.svg,https://image.wavve.com/v1/thumbnails/480_720_20_80/BMS/program_poster/202210/C3901_C39000000216-2-RE.jpg
영락대제 ,해외시리즈,https://www.wavve.com/https://www.wavve.com/img/element-icons-72-x-72-ic-vod-15-years.3f150ba7.svg,https://image.wavve.com/v1/thumbnails/480_720_20_80/202109/20210930/2157681203fabcfd6d079fab5d20567f.jpg
도망치는건 부끄럽지만 도움이된다 2021 SP,해외시리즈,https://www.wavve.com/https://www.wavve.com/img/element-icons-72-x-72-ic-vod-15-years.3f150ba7.svg,https://image.wavve.com/v1/thumbnails/480_720_20_80/BMS/program_poster/202101/C3601_C36000000192-2.jpg
한순간의 이치카,해외시리즈,https://www.wavve.com/https://www.wavve.com/img/element-icons-72-x-72-ic-vod-15-years.3f150ba7.svg,https://image.wavve.com/v1/thumbnails/480_720_20_80/BMS/TVSeason/2023/C8101_C81000000041-Vertical_LogoY.jpg
짝사랑 미식 일기 1,해외시리즈,https://www.wavve.com/https://www.wavve.com/img/element-icons-72-x-72-ic-vod-15-years.3f150ba7.svg,https://image.wavve.com/v1/thumbnails/480_720_20_80/BMS/TVSeason/2023/C3601_C36000000314-Vertical_LogoY.jpg
닥터X 1,해외시리즈,https://www.wavve.com/https://www.wavve.com/img/element-icons-72-x-72-ic-vod-15-years.3f150ba7.svg,https://image.wavve.com/v1/thumbnails/480_720_20_80/BMS/program_poster/201802/C3601_C36000000008.jpg
슈퍼걸 1,애니메이션,https://www.wavve.com/https://www.wavve.com/img/element-icons-72-x-72-ic-vod-15-years.3f150ba7.svg,https://image.wavve.com/v1/thumbnails/480_270_20_80/BMS/ContentImg/CR02_DN0000000163_01_0034/2018122116214603.jpg
닥터 Eggs,해외시리즈,https://www.wavve.com/https://www.wavve.com/img/element-icons-72-x-72-ic-vod-15-years.3f150ba7.svg,https://image.wavve.com/v1/thumbnails/480_720_20_80/BMS/program_poster/202112/C3601_C36000000232-2.jpg
저 결혼 못하는게 아니라 안하는 겁니다,해외시리즈,https://www.wavve.com/https://www.wavve.com/img/element-icons-72-x-72-ic-vod-15-years.3f150ba7.svg,https://image.wavve.com/v1/thumbnails/480_720_20_80/202009/20200918/c62a7cb53a7ad3c7265d85221e0b3060.jpg
굿 닥터 6,드라마,https://www.wavve.com/https://www.wavve.com/img/element-icons-72-x-72-ic-vod-15-years.3f150ba7.svg,https://image.wavve.com/v1/thumbnails/480_720_20_80/BMS/TVSeason/2023/K02_T2013-0278-Vertical_LogoY.jpg
슈퍼리치,시사교양,모든연령,https://image.wavve.com/v1/thumbnails/480_720_20_80/202103/20210322/671b03422ebd22ecc761ab7e69d0d484.jpg
알래스카 생존기 시즌 11,해외시리즈,모든연령,https://image.wavve.com/v1/thumbnails/480_720_20_80/BMS/program_poster/clean/C3801_C38000000651-2.jpg
방탄 때문에 한글 배웠다,시사교양,모든연령,https://image.wavve.com/v1/thumbnails/480_720_20_80/202110/20211005/8491f7f7ecf921476c3a2703a02afe80.jpg
다큐인사이트 내일은 아무도 몰라,시사교양,모든연령,https://image.wavve.com/v1/thumbnails/480_270_20_80/meta/image/202309/1695304801632162368.jpg
인간극장 플러스,시사교양,모든연령,https://image.wavve.com/v1/thumbnails/480_720_20_80/BMS/TVSeason/2022/K01_T2020-1457-Vertical_LogoY.jpg
글로벌 도네이션쇼 W,시사교양,모든연령,https://image.wavve.com/v1/thumbnails/480_720_20_80/202110/20211005/fbcfcc365e486fc4ffa2a69273353f0f.jpg
다큐 인사이트 봉쇄수도원,시사교양,모든연령,https://image.wavve.com/v1/thumbnails/480_270_20_80/202304/20230410/d3ea997c857c9877735720725564eb86.jpg
강철부대3,예능,https://www.wavve.com/https://www.wavve.com/img/element-icons-72-x-72-ic-vod-15-years.3f150ba7.svg,https://image.wavve.com/v1/thumbnails/480_720_20_80/meta/image/202310/1696923293779137887.jpg
뉴진스코드 in 부산,예능,https://www.wavve.com/https://www.wavve.com/img/element-icons-72-x-72-ic-vod-12-years.e57f88d0.svg,https://image.wavve.com/v1/thumbnails/480_720_20_80/202210/20221011/856c4cd6052aac00987c9efc6ca12692.jpg
인생을 즐겨라 비밥바룰라,예능,모든연령,https://image.wavve.com/v1/thumbnails/480_720_20_80/201907/20190723/8a1d78799af58cecf7dd0b40d71b6e15.jpg
신서유기 시즌6,시사교양,모든연령,https://image.wavve.com/v1/thumbnails/480_270_20_80/201801/20180129/b5a12840d2dd766972b769a6e96a16bb.jpg
도시어부2 대항해시대,예능,https://www.wavve.com/https://www.wavve.com/img/element-icons-72-x-72-ic-vod-12-years.e57f88d0.svg,https://image.wavve.com/v1/thumbnails/480_720_20_80/BMS/TVSeason/2022/C2501_WPG2190282D-Vertical_LogoY.jpg
태조왕건,드라마,https://www.wavve.com/https://www.wavve.com/img/element-icons-72-x-72-ic-vod-15-years.3f150ba7.svg,https://image.wavve.com/v1/thumbnails/480_720_20_80/BMS/TVSeason/2022/K01_T2000-0112-Vertical_LogoY.jpg
1퍼센트의 어떤 것,드라마,https://www.wavve.com/https://www.wavve.com/img/element-icons-72-x-72-ic-vod-15-years.3f150ba7.svg,https://image.wavve.com/v1/thumbnails/480_720_20_80/BMS/program_poster/201802/C5201_C52000000002.jpg
웃어라동해야,드라마,https://www.wavve.com/https://www.wavve.com/img/element-icons-72-x-72-ic-vod-15-years.3f150ba7.svg,https://image.wavve.com/v1/thumbnails/480_720_20_80/BMS/TVSeason/2023/K01_T2010-1088-Vertical_LogoY.jpg
꽉잡아,애니메이션,https://www.wavve.com/https://www.wavve.com/img/element-icons-72-x-72-ic-vod-12-years.e57f88d0.svg,https://image.wavve.com/v1/thumbnails/480_720_20_80/202302/20230227/ec764dc808d9097535439b35ff618371.jpg
꾹 TV,크리에이터,https://www.wavve.com/https://www.wavve.com/img/element-icons-72-x-72-ic-vod-15-years.3f150ba7.svg,https://image.wavve.com/v1/thumbnails/480_720_20_80/BMS/TVSeason/2023/A01_A00000000344-Vertical_LogoY.jpg
이리지니TV 마멍월드,크리에이터,https://www.wavve.com/https://www.wavve.com/img/element-icons-72-x-72-ic-vod-7-years.69dabbb2.svg,https://image.wavve.com/v1/thumbnails/480_720_20_80/BMS/program_poster/202206/F5001_F50000000057-2.jpg
오싹오싹 이야기 시즌2,키즈,모든연령,https://image.wavve.com/v1/thumbnails/480_720_20_80/BMS/program_poster/202008/C6701_C67000000042-2.jpg
개구리중사 케로로 6,애니메이션,https://www.wavve.com/https://www.wavve.com/img/element-icons-72-x-72-ic-vod-15-years.3f150ba7.svg,https://image.wavve.com/v1/thumbnails/480_720_20_80/BMS/program_poster/202209/C9701_C97000000049-2.jpg
포켓몬스터 XY 3기,애니메이션,https://www.wavve.com/https://www.wavve.com/img/element-icons-72-x-72-ic-vod-7-years.69dabbb2.svg,https://image.wavve.com/v1/thumbnails/480_720_20_80/BMS/TVSeason/2023/F0101_F01000000007-Vertical_LogoY.jpg
포켓몬스터 XY 2기,애니메이션,https://www.wavve.com/https://www.wavve.com/img/element-icons-72-x-72-ic-vod-7-years.69dabbb2.svg,https://image.wavve.com/v1/thumbnails/480_720_20_80/BMS/TVSeason/2023/F0101_F01000000007-Vertical_LogoY.jpg
로보카 폴리3,키즈,모든연령,https://image.wavve.com/v1/thumbnails/480_720_20_80/BMS/program_poster/202112/F4701_F47000000003-2.jpg
포켓몬스터 XY 1기,애니메이션,https://www.wavve.com/https://www.wavve.com/img/element-icons-72-x-72-ic-vod-7-years.69dabbb2.svg,https://image.wavve.com/v1/thumbnails/480_720_20_80/BMS/TVSeason/2023/F0101_F01000000007-Vertical_LogoY.jpg
양산형 리코2,해외시리즈,https://www.wavve.com/https://www.wavve.com/img/element-icons-72-x-72-ic-vod-15-years.3f150ba7.svg,https://image.wavve.com/v1/thumbnails/480_720_20_80/meta/image/202307/1689300453015027695.jpg
옆집 남자는 잘 먹는다,해외시리즈,https://www.wavve.com/https://www.wavve.com/img/element-icons-72-x-72-ic-vod-15-years.3f150ba7.svg,https://image.wavve.com/v1/thumbnails/480_720_20_80/meta/image/202309/1694679054670079975.jpg
로맨스가필요해2012,예능,https://www.wavve.com/https://www.wavve.com/img/element-icons-72-x-72-ic-vod-15-years.3f150ba7.svg,https://image.wavve.com/v1/thumbnails/480_720_20_80/202109/20210916/87b036766a8fd7e70dff55831563333d.jpg
원래시로사아! 알고보니선생님이셨군요!,해외시리즈,https://www.wavve.com/https://www.wavve.com/img/element-icons-72-x-72-ic-vod-15-years.3f150ba7.svg,https://image.wavve.com/v1/thumbnails/480_720_20_80/BMS/TVSeason/2023/H04_VOD000001341-Vertical_LogoY.jpg
아름다운 그대에게 1,해외시리즈,https://www.wavve.com/https://www.wavve.com/img/element-icons-72-x-72-ic-vod-15-years.3f150ba7.svg,https://image.wavve.com/v1/thumbnails/480_720_20_80/202108/20210810/5005f5b21c50aaa25452e523ce7fca57.jpg
고쿠센 2,해외시리즈,https://www.wavve.com/https://www.wavve.com/img/element-icons-72-x-72-ic-vod-15-years.3f150ba7.svg,https://image.wavve.com/v1/thumbnails/480_720_20_80/BMS/program_poster/202102/CR02_DN0000000313-2.jpg
바르바로사   지중해의 검,해외시리즈,https://www.wavve.com/https://www.wavve.com/img/element-icons-72-x-72-ic-vod-15-years.3f150ba7.svg,https://image.wavve.com/v1/thumbnails/480_720_20_80/meta/image/202308/1693216631523167896.jpg
아름다운 그 시즌2,해외시리즈,https://www.wavve.com/https://www.wavve.com/img/element-icons-72-x-72-ic-vod-15-years.3f150ba7.svg,https://image.wavve.com/v1/thumbnails/480_720_20_80/BMS/TVSeason/2023/F7001_F70000000037-Vertical_LogoY.jpg
절세천금 완결편 ,해외시리즈,https://www.wavve.com/https://www.wavve.com/img/element-icons-72-x-72-ic-vod-15-years.3f150ba7.svg,https://image.wavve.com/v1/thumbnails/480_720_20_80/BMS/program_poster/202102/C8401_C84000000072-2.jpg
심야식당 2,해외시리즈,https://www.wavve.com/https://www.wavve.com/img/element-icons-72-x-72-ic-vod-15-years.3f150ba7.svg,https://image.wavve.com/v1/thumbnails/480_720_20_80/BMS/program_poster/202207/F7101_F71000000051-2.jpg
소년탐정 김전일 ORIGINAL,애니메이션,https://www.wavve.com/https://www.wavve.com/img/element-icons-72-x-72-ic-vod-15-years.3f150ba7.svg,https://image.wavve.com/v1/thumbnails/480_720_20_80/BMS/TVSeason/2023/CR02_DN0000000076-Vertical_LogoY.jpg
명탐정코난 18기,애니메이션,https://www.wavve.com/https://www.wavve.com/img/element-icons-72-x-72-ic-vod-15-years.3f150ba7.svg,https://image.wavve.com/v1/thumbnails/480_720_20_80/BMS/TVSeason/2023/C9701_C97000000039-Vertical_LogoY.jpg
소년탐정 김전일 ORIGINAL 3,애니메이션,https://www.wavve.com/https://www.wavve.com/img/element-icons-72-x-72-ic-vod-15-years.3f150ba7.svg,https://image.wavve.com/v1/thumbnails/480_720_20_80/BMS/TVSeason/2023/CR02_DN0000000115-Vertical_LogoY.jpg
슈퍼 토끼,키즈,모든연령,https://image.wavve.com/v1/thumbnails/480_270_20_80/202210/20221005/14867ad2d361f469719027dcb8b5fdfa.jpg
