title,genre,age,poster_url
순천부 살인가면,액션,15세 관람가,https://image.wavve.com/v1/thumbnails/480_720_20_80/movieImg/MovieGroup/2022/GMV_C901_SG0000135337-Vertical_LogoY.jpg
신탐 적인걸,무협,15세 관람가,https://image.wavve.com/v1/thumbnails/480_720_20_80/movieImg/MovieGroup/2023/GMV_RT01_RT000000180-Vertical_LogoY.jpg
메가로돈 2+1,액션,12세 관람가,https://image.wavve.com/v1/thumbnails/480_720_20_80/meta/image/202309/1694503215125505563.jpg
뤽 베송의 마지막 전투,SF/판타지,15세 관람가,https://image.wavve.com/v1/thumbnails/480_720_20_80/movieImg/MovieGroup/2023/GMV_RT01_RT000000187-Vertical_LogoY.jpg
딜문 흡혈종족과의 전투,SF/판타지,12세 관람가,https://image.wavve.com/v1/thumbnails/480_720_20_80/movieImg/MovieGroup/2022/GMV_C3001_C300000012589-Vertical_LogoY.jpg
브레스 374미터,스릴러,12세 관람가,https://image.wavve.com/v1/thumbnails/480_720_20_80/movieImg/MovieGroup/2023/GMV_C901_SG0000156053-Vertical_LogoY.jpg
명탐정 코난 2023,애니메이션,12세 관람가,https://image.wavve.com/v1/thumbnails/480_720_20_80/movieImg/MovieGroup/2023/GMV_SS01_SS000000002-Vertical_LogoY-re.jpg
도둑과 함께 사는 법,드라마,12세 관람가,https://image.wavve.com/v1/thumbnails/480_720_20_80/movieImg/MovieGroup/2022/GMV_C901_SG0000148234-Vertical_LogoY.jpg
맛있는 음식 맛있는 사랑,예능,,https://image.wavve.com/v1/thumbnails/480_270_20_80/202202/20220216/b8eae525f59780475e3070fbe1c967d9.jpg
취권 전설의 시작,액션,15세 관람가,https://image.wavve.com/v1/thumbnails/480_720_20_80/movieImg/MovieGroup/2023/GMV_C901_SG0000152196-Vertical_LogoY.jpg
인어공주3,음악,all세 관람가,https://image.wavve.com/v1/thumbnails/480_720_20_80/meta/image/202307/1689930711237352864.jpg
아오야마 고쇼 단편집,애니메이션,15세 관람가,https://image.wavve.com/v1/thumbnails/480_720_20_80/movieImg/MovieGroup/2023/GMV_CR01_DN0000011333-Vertical_LogoY.jpg
인어공주1,음악,all세 관람가,https://image.wavve.com/v1/thumbnails/480_720_20_80/meta/image/202307/1689930711237352864.jpg
바보들의 거짓말,코미디,15세 관람가,https://image.wavve.com/v1/thumbnails/480_720_20_80/movieImg/MovieGroup/2022/GMV_C901_SG0000082740-Vertical_LogoY.jpg
해리포터와마법사의돌 매지컬무비모드,가족,all세 관람가,https://image.wavve.com/v1/thumbnails/480_720_20_80/movieImg/MovieGroup/2022/GMV_CD01_WR0000011681-Vertical_LogoY.jpg
김호중컴백무비빛이나는사람PART1,다큐멘터리,all세 관람가,https://image.wavve.com/v1/thumbnails/480_720_20_80/movieImg/MovieGroup/2022/GMV_C3001_C300000012562-Vertical_LogoY.jpg
파파 앤 대디 2,코미디,15세 관람가,https://image.wavve.com/v1/thumbnails/480_720_20_80/movieImg/MovieGroup/2023/GMV_C901_SG0000149086-Vertical_LogoY-re.jpg
루팡3세스페셜 하리마오의보물을되찾아라,액션,15세 관람가,https://image.wavve.com/v1/thumbnails/480_720_20_80/movieImg/MovieGroup/2023/GMV_CR01_DN0000011197-Vertical_LogoY-re.jpg
라이온 킹 시그니처 콜렉션,애니메이션,all세 관람가,https://image.wavve.com/v1/thumbnails/480_720_20_80/movieImg/MovieGroup/2022/GMV_CA01_DY0000011485-Vertical_LogoY.jpg
겁쟁이페달 리 제너레이션,애니메이션,all세 관람가,https://image.wavve.com/v1/thumbnails/480_720_20_80/movieImg/MovieGroup/2023/GMV_C901_SG0000105415-Vertical_LogoY-re.jpg
군함도 감독판,액션,15세 관람가,https://image.wavve.com/v1/thumbnails/480_720_20_80/movieImg/MovieGroup/2023/GMV_EN01_EN000000382-Vertical_LogoY-re.jpg
런던잡 다이몬드를 훔쳐라,액션,15세 관람가,https://image.wavve.com/v1/thumbnails/480_720_20_80/movieImg/MovieGroup/2023/GMV_C901_SG0000142112-Vertical_LogoY.jpg
도로시게임 플래시2,크리에이터,,https://image.wavve.com/v1/thumbnails/480_720_20_80/BMS/program_poster/202203/F5001_F50000000046-2.jpg
로빈TV 미니게임 PART2,크리에이터,,https://image.wavve.com/v1/thumbnails/480_720_20_80/BMS/program_poster/202201/F5001_F50000000033-2.jpg
베이비버스 인기동요 시즌4,키즈,모든연령,https://image.wavve.com/v1/thumbnails/480_720_20_80/BMS/TVSeason/2022/C8201_C82000000522-Vertical_LogoY.jpg
베이비버스 마법숫자동화,키즈,모든연령,https://image.wavve.com/v1/thumbnails/480_720_20_80/BMS/program_poster/202103/C8201_C82000000224-2.jpg
늑대와 일곱 마리 아기 염소,키즈,모든연령,https://image.wavve.com/v1/thumbnails/480_270_20_80/fz/202204/20220406/ac7286c6b496ab9d70678e0a44daee4b.jpg
밥 먹자,드라마,,https://image.wavve.com/v1/thumbnails/480_720_20_80/202006/20200610/9e366a9d2ec8dcc71c0c36b95327d8ad.jpg
캐빈의 호기심 아파트2,키즈,모든연령,https://image.wavve.com/v1/thumbnails/480_270_20_80/202009/20200923/a3c1ba9e1723c29a34637fed607e0d71.jpg
서프라이즈 장난감 놀이,키즈,모든연령,https://image.wavve.com/v1/thumbnails/480_270_20_80/202112/20211202/3e4fb27b106f127bd9db5515de380608.jpg
캐리와 함께 떠나는 여행,키즈,모든연령,https://image.wavve.com/v1/thumbnails/480_270_20_80/201809/20180917/58bc3e965788f497850d77e2d09a1cd6.jpg
핑크퐁 한글동요 3 첫단어송,키즈,모든연령,https://image.wavve.com/v1/thumbnails/480_720_20_80/BMS/program_poster/202108/C9601_C96000000089-2.jpg
행복한 왕자,애니메이션,,https://image.wavve.com/v1/thumbnails/480_270_20_80/202308/20230817/07bc54378152fa899126284e6973033c.jpg
악어TV Part3,크리에이터,,https://image.wavve.com/v1/thumbnails/480_720_20_80/BMS/program_poster/202206/F5001_F50000000061-2.jpg
출동! 슈퍼윙스3,키즈,모든연령,https://image.wavve.com/v1/thumbnails/480_720_20_80/BMS/program_poster/202205/C7201_C72000000105-2.jpg
배탈이 났어요,키즈,모든연령,https://image.wavve.com/v1/thumbnails/480_270_20_80/202209/20220929/9c3f7e47dd11790bb397f7415a886dc2.jpg
출동! 슈퍼윙스5,키즈,모든연령,https://image.wavve.com/v1/thumbnails/480_720_20_80/BMS/program_poster/202205/C7201_C72000000105-2.jpg
출동! 슈퍼윙스6,키즈,모든연령,https://image.wavve.com/v1/thumbnails/480_720_20_80/BMS/program_poster/202205/C7201_C72000000105-2.jpg
에디의 비밀,키즈,모든연령,https://image.wavve.com/v1/thumbnails/480_270_20_80/202209/20220929/96b51dec5eec2f78a75c60c54bedd38d.jpg
뽀롱뽀롱 뽀로로 시즌6,키즈,모든연령,https://image.wavve.com/v1/thumbnails/480_720_20_80/BMS/program_poster/202209/F2301_F23000000221-2.jpg
자석 놀이,시사교양,모든연령,https://image.wavve.com/v1/thumbnails/480_270_20_80/BMS/201209/20120921/tgtbxcslprowafv.jpg
고창 2부,예능,,https://image.wavve.com/v1/thumbnails/480_270_20_80/202103/20210325/871e770e6d98de513e335c976f27a8de.jpg
고창 1부,해외시리즈,,https://image.wavve.com/v1/thumbnails/480_270_20_80/202006/20200624/96cbb7104cf62e8d0631833d7bd2a12d.jpg
전라남도 여수 2부,드라마,15세 관람가,https://image.wavve.com/v1/thumbnails/480_720_20_80/movieImg/MovieGroup/2022/GMV_CV01_KE0000011799-Vertical_LogoY.jpg
명탐정코난 2023,애니메이션,12세 관람가,https://image.wavve.com/v1/thumbnails/480_720_20_80/movieImg/MovieGroup/2023/GMV_SS01_SS000000002-Vertical_LogoY-re.jpg
돌싱글즈4,예능,,https://image.wavve.com/v1/thumbnails/480_720_20_80/meta/image/202307/1689918136825746964.jpg
이리지니TV,크리에이터,,https://image.wavve.com/v1/thumbnails/480_720_20_80/BMS/TVSeason/2023/F5001_F50000000077-Vertical_LogoY.jpg
집사TV,시사교양,모든연령,https://image.wavve.com/v1/thumbnails/480_270_20_80/meta/image/202311/1699617602692657868.jpg
띠띠뽀 띠띠뽀 시즌1,키즈,모든연령,https://image.wavve.com/v1/thumbnails/480_720_20_80/BMS/program_poster/202209/F2301_F23000000241-2.jpg
크니쁘니히어로즈,키즈,,https://image.wavve.com/v1/thumbnails/480_720_20_80/BMS/TVSeason/2023/F2201_F22000000005-Vertical_LogoY.jpg
뽀로로와 노래해요 NEW 1,키즈,모든연령,https://image.wavve.com/v1/thumbnails/480_720_20_80/BMS/program_poster/202209/F2301_F23000000228-2.jpg
뽀롱뽀롱 뽀로로 NEW 1,키즈,모든연령,https://image.wavve.com/v1/thumbnails/480_720_20_80/BMS/program_poster/202209/F2301_F23000000216-2-RE.jpg
뚜뚜와 통통이,키즈,모든연령,https://image.wavve.com/v1/thumbnails/480_270_20_80/fz/202209/20220929/e4e4ffbb801c2a7b1b90da7e27aed935.jpg
경남 통영 2부,예능,,https://image.wavve.com/v1/thumbnails/480_270_20_80/BMS/ContentImg/K02_PS-1N2DS1-3-000/2019021411265173.jpg
라바 인 뉴욕,키즈,모든연령,https://image.wavve.com/v1/thumbnails/480_720_20_80/BMS/program_poster/201908/C8201_C82000000128_2.jpg
무림유협기,해외시리즈,,https://image.wavve.com/v1/thumbnails/480_720_20_80/meta/image/202309/1694665954010509809.jpg
연희공략 건륭황제의여인,해외시리즈,,https://image.wavve.com/v1/thumbnails/480_720_20_80/BMS/TVSeason/2023/C5101_C51000000061-Vertical_LogoY.jpg
경이로운 소문  경이로운 몰아보기,예능,,https://image.wavve.com/v1/thumbnails/480_270_20_80/meta/image/202308/1692922500571736156.jpg
구주천공성 2 ,해외시리즈,,https://image.wavve.com/v1/thumbnails/480_720_20_80/BMS/program_poster/202009/C8401_C84000000063-2.jpg
진격적황후1,해외시리즈,,https://image.wavve.com/v1/thumbnails/480_720_20_80/meta/image/202309/1695173097595586998.jpg
벽혈검 1985,해외시리즈,,https://image.wavve.com/v1/thumbnails/480_720_20_80/BMS/program_poster/202003/C5101_C51000000110-2.jpg
월간 아기상어,키즈,모든연령,https://image.wavve.com/v1/thumbnails/480_720_20_80/BMS/program_poster/202108/C9601_C96000000087-2.jpg
다큐인사이트 미래전쟁,시사교양,모든연령,https://image.wavve.com/v1/thumbnails/480_270_20_80/202304/20230410/b76d0de2f9d333dda01007348421da18.jpg
SDF2022 비호감정치와의이별선언,시사교양,모든연령,https://image.wavve.com/v1/thumbnails/480_720_20_80/202210/20221027/c6e704d6631ff0ffe481d0c356a0e853.jpg
꼬리에 꼬리를 무는 그날 이야기 2,시사교양,,https://image.wavve.com/v1/thumbnails/480_720_20_80/BMS/TVSeason/2022/S01_P453995091-Vertical_LogoY.jpg
슈가맨 리턴즈,SF/판타지,all세 관람가,https://image.wavve.com/v1/thumbnails/480_720_20_80/movieImg/MovieGroup/2023/GMV_CD01_WR0000011387-Vertical_LogoY-re.jpg
2023 K팝 슈퍼 라이브,예능,모든연령,https://image.wavve.com/v1/thumbnails/480_720_20_80/meta/image/202308/1690872300669379621.jpg
정글의 법칙 in 태즈먼,예능,,https://image.wavve.com/v1/thumbnails/480_270_20_80/201904/20190408/6b3cde5178fda4e694ca99ee2d1317ba.jpg
보이스 킹,예능,,https://image.wavve.com/v1/thumbnails/480_720_20_80/202104/20210408/832f16c3613911199566fc7f492823ca.jpg
미스터트롯2스페셜콘서트전설의시작,예능,,https://image.wavve.com/v1/thumbnails/480_720_20_80/202303/20230321/002177c0bd4188a8f5cc2c62f2e2a099.jpg
배틀트립 2,예능,,https://image.wavve.com/v1/thumbnails/480_720_20_80/meta/image/202308/1692954912577051768.jpg
레드벨벳 레벨업 프로젝트,예능,모든연령,https://image.wavve.com/v1/thumbnails/480_270_20_80/BMS/TVProgram/clean/C9901_C99000000014_01_0018-TileArt.jpg
청춘시대 2,드라마,,https://image.wavve.com/v1/thumbnails/480_720_20_80/BMS/TVSeason/2023/K02_T2010-0501-Vertical_LogoY.jpg
넝쿨째굴러온당신,드라마,,https://image.wavve.com/v1/thumbnails/480_720_20_80/BMS/TVSeason/2023/K02_T2011-1071-Vertical_LogoY.jpg
신입사관 구해령 다시보기,드라마,,https://image.wavve.com/v1/thumbnails/480_270_20_80/BMS/ContentImg/M_EP202104204404/2021052711070718.jpg
불굴의며느리,드라마,,https://image.wavve.com/v1/thumbnails/480_720_20_80/202106/20210622/a91af3a50800d9f60e2c394f64c95715.jpg
사랑과전쟁 시즌2,드라마,,https://image.wavve.com/v1/thumbnails/480_720_20_80/BMS/TVSeason/2022/K02_loveidol-3-Vertical_LogoY.jpg
부탁해요캡틴,드라마,,https://image.wavve.com/v1/thumbnails/480_720_20_80/BMS/program_poster/201802/S01_V0000357536.jpg
돼지저금통 part 3,키즈,모든연령,https://image.wavve.com/v1/thumbnails/480_270_20_80/202205/20220504/52a2718100d5271e227b38178aba33d5.jpg
청춘인가요 시즌2,예능,,https://image.wavve.com/v1/thumbnails/480_720_20_80/BMS/program_poster/201802/K02_T2011-0916.jpg
안녕자두야 시즌2,키즈,모든연령,https://image.wavve.com/v1/thumbnails/480_720_20_80/BMS/program_poster/202205/F6201_F62000000001-2.jpg
로빈TV 미니게임 PART5,크리에이터,,https://image.wavve.com/v1/thumbnails/480_720_20_80/BMS/program_poster/202201/F5001_F50000000033-2.jpg
건어물 여동생 우마루짱 OVA,애니메이션,,https://image.wavve.com/v1/thumbnails/480_720_20_80/BMS/TVSeason/2023/C6101_C61000000650-Vertical_LogoY.jpg
NEW 뽀롱뽀롱 뽀로로1,키즈,모든연령,https://image.wavve.com/v1/thumbnails/480_720_20_80/BMS/program_poster/202209/F2301_F23000000216-2-RE.jpg
헬로카봇 시즌11 쌈바,키즈,,https://image.wavve.com/v1/thumbnails/480_720_20_80/BMS/program_poster/202109/C6801_C68000000043-2.jpg
토끼네 집으로 오세요 시즌4,키즈,모든연령,https://image.wavve.com/v1/thumbnails/480_720_20_80/202210/20221005/1d505e4367cdd2fbc3b97d22446ccf19.jpg
빼꼼 시즌2,코미디,all세 관람가,https://image.wavve.com/v1/thumbnails/480_720_20_80/movieImg/MovieGroup/2022/GMV_C3001_C300000011527-Vertical_LogoY.jpg
원피스오리지널 1기,애니메이션,,https://image.wavve.com/v1/thumbnails/480_720_20_80/BMS/TVSeason/2023/CR02_DN0000000141-Vertical_LogoY.jpg
나루토 질풍전 4기,애니메이션,,https://image.wavve.com/v1/thumbnails/480_720_20_80/BMS/TVSeason/2023/F7001_F70000000050-Vertical_LogoY.jpg
요리왕 비룡 더 마스터 Part1,애니메이션,,https://image.wavve.com/v1/thumbnails/480_720_20_80/BMS/program_poster/202008/A01_A00000000226-2.jpg
유희왕 듀얼몬스터 Part3,애니메이션,,https://image.wavve.com/v1/thumbnails/480_720_20_80/BMS/program_poster/202210/C8201_C82000000508-2.jpg
오늘부터 신령님 2기,애니메이션,,https://image.wavve.com/v1/thumbnails/480_720_20_80/BMS/program_poster/202111/C6101_C61000000407-2.jpg
원피스 29기,애니메이션,all세 관람가,https://image.wavve.com/v1/thumbnails/480_720_20_80/movieImg/MovieGroup/2023/GMV_CR01_DN0000011219-Vertical_LogoY.jpg
악몽짱 SP,해외시리즈,,https://image.wavve.com/v1/thumbnails/480_720_20_80/BMS/TVSeason/2023/CR02_DN0000000400-Vertical_LogoY.jpg
미나토 상사 코인 세탁소2,해외시리즈,,https://image.wavve.com/v1/thumbnails/480_720_20_80/meta/image/202308/1691028136475222342.jpg
긴급 취조실 3,해외시리즈,,https://image.wavve.com/v1/thumbnails/480_720_20_80/202001/20200102/f680327a5fee5bd728deb4df9eee207a.jpg
히스토리 5,해외시리즈,,https://image.wavve.com/v1/thumbnails/480_720_20_80/BMS/TVSeason/2023/C3701_C37000000321-Vertical_LogoY.jpg
파트너 21,해외시리즈,,https://image.wavve.com/v1/thumbnails/480_720_20_80/BMS/TVSeason/2023/CR02_DN0000000463-Vertical_LogoY.jpg
호타루의 빛 1,해외시리즈,,https://image.wavve.com/v1/thumbnails/480_720_20_80/BMS/program_poster/202103/CR02_DN0000000327-2.jpg
누나의 연인,해외시리즈,,https://image.wavve.com/v1/thumbnails/480_720_20_80/BMS/program_poster/202102/F3001_F30000000001-2.jpg
옹정황제,해외시리즈,,https://image.wavve.com/v1/thumbnails/480_720_20_80/BMS/program_poster/201807/C5101_C51000000052.jpg
전과자 신참보호사 아가와 카요 ,해외시리즈,,https://image.wavve.com/v1/thumbnails/480_720_20_80/fz/202203/20220330/503738032ffbdab8602e675ead288353.jpg
시카고 PD 3,해외시리즈,,https://image.wavve.com/v1/thumbnails/480_720_20_80/BMS/TVSeason/2023/CG02_CG0000000199-Vertical_LogoY.jpg
영거 7,해외시리즈,,https://image.wavve.com/v1/thumbnails/480_720_20_80/202107/20210709/da710485c9d11900baa4bce7e4b11e39.jpg
왕좌의 게임 3,액션,15세 관람가,https://image.wavve.com/v1/thumbnails/480_720_20_80/movieImg/MovieGroup/2022/GMV_C3001_C300000011757-Vertical_LogoY.jpg
스미카스미레,해외시리즈,,https://image.wavve.com/v1/thumbnails/480_720_20_80/202106/20210630/23b8eb8a556005accf89fd178f8d9e09.jpg
원더우먼 3,드라마,,https://image.wavve.com/v1/thumbnails/480_720_20_80/BMS/TVSeason/2023/C9901_C99000000070-Vertical_LogoY_WOriginal.jpg
아름다운 그대에게 2,해외시리즈,,https://image.wavve.com/v1/thumbnails/480_720_20_80/fz/202204/20220428/c7188f52c25cc8c382bf11ac03ec7bec.jpg
적룡의 신 포청천 Part 1,해외시리즈,,https://image.wavve.com/v1/thumbnails/480_720_20_80/BMS/program_poster/202201/C5101_C51000000189-2.jpg
오늘부터 우리는!! SP,해외시리즈,,https://image.wavve.com/v1/thumbnails/480_720_20_80/meta/image/202310/1696481095879935008.jpg
머독 미스터리 14,해외시리즈,,https://image.wavve.com/v1/thumbnails/480_720_20_80/202207/20220713/7979dda4f08cca55925380176b79f5d8.jpg
사랑하는 엄마들,해외시리즈,,https://image.wavve.com/v1/thumbnails/480_720_20_80/202101/20210129/0ff95fd6480a716ed7d1d89a3f0aba5c.jpg
드래곤 사쿠라 1,해외시리즈,,https://image.wavve.com/v1/thumbnails/480_720_20_80/BMS/program_poster/202104/CR02_DN0000000339-2.jpg
"즉, 좋아한다고 말하고 싶은데",해외시리즈,,https://image.wavve.com/v1/thumbnails/480_720_20_80/BMS/TVSeason/2023/F7001_F70000000033-Vertical_LogoY.jpg
긴급취조실 4,해외시리즈,,https://image.wavve.com/v1/thumbnails/480_720_20_80/202108/20210825/30593029cb0290987021a60adc00e097.jpg
신들의 사생활 그리스 로마신화 2,예능,,https://image.wavve.com/v1/thumbnails/480_720_20_80/meta/image/202307/1688346000839269505.jpg
스타다큐마이웨이,시사교양,,https://image.wavve.com/v1/thumbnails/480_720_20_80/202006/20200612/f041271c6bdbc27e35f75f383154893a.jpg
우리가 몰랐던 놀라운 이야기 시즌15,해외시리즈,,https://image.wavve.com/v1/thumbnails/480_720_20_80/BMS/TVSeason/2023/C3701_C37000000379-Vertical_LogoY.jpg
다큐인사이트 아메리칸 팩토리,시사교양,모든연령,https://image.wavve.com/v1/thumbnails/480_270_20_80/202304/20230427/56c9d4fc40b5682857c17b8a53b9974f.jpg
명견만리시즌2,시사교양,모든연령,https://image.wavve.com/v1/thumbnails/480_720_20_80/202011/20201106/33a06addab46c4da6534d445a6636b91.jpg
우리가 태어난 곳,시사교양,모든연령,https://image.wavve.com/v1/thumbnails/480_720_20_80/BMS/program_poster/201804/K01_T2017-0154.jpg
강력반 X 파일 끝까지 간다,시사교양,,https://image.wavve.com/v1/thumbnails/480_720_20_80/201804/20180402/f8f886643aa57c3c5c169c99a46b8fd6.jpg
우리의 얼굴 인간극장 20년,시사교양,모든연령,https://image.wavve.com/v1/thumbnails/480_720_20_80/202005/20200506/ef09c6edc6cc623384af75921a23bd3b.jpg
추적60분,시사교양,모든연령,https://image.wavve.com/v1/thumbnails/480_720_20_80/meta/image/202307/1688430600786107698.jpg
2023 어린이에게 새 생명을,예능,모든연령,https://image.wavve.com/v1/thumbnails/480_720_20_80/202304/20230428/7dc35675ca67f2a7dd45a4c1dea68419.jpg
광복절 의열단 김상옥,시사교양,모든연령,https://image.wavve.com/v1/thumbnails/480_270_20_80/BMS/201608/20160822/ooqasojowcefbkc.jpg
정글의 법칙 스토브리그,예능,,https://image.wavve.com/v1/thumbnails/480_270_20_80/202101/20210117/ed69131526df5fdacfcbbc238bfa668b.jpg
도시어부3,예능,,https://image.wavve.com/v1/thumbnails/480_720_20_80/BMS/TVSeason/2022/C2501_WPG2210104D-Vertical_LogoY.jpg
상두야학교가자,드라마,모든연령,https://image.wavve.com/v1/thumbnails/480_720_20_80/202007/20200707/ce0e0256fdc5c7e1f183193a86d47f64.jpg
"안녕, 프란체스카 시즌2",드라마,모든연령,https://image.wavve.com/v1/thumbnails/480_720_20_80/202307/20230725/476e5421c07d0452439cfb1e96b72699.jpg
포도밭 그사나이,드라마,,https://image.wavve.com/v1/thumbnails/480_720_20_80/BMS/TVSeason/2023/K02_T2006-0642-Vertical_LogoY.jpg
특집극 절정,드라마,,https://image.wavve.com/v1/thumbnails/480_720_20_80/BMS/program_poster/202109/M_T60152S-2.jpg
장옥정 사랑에살다,드라마,,https://image.wavve.com/v1/thumbnails/480_720_20_80/BMS/program_poster/202205/S01_V0000375936-2.jpg
꼰대인턴 방구석 팬미팅,드라마,,https://image.wavve.com/v1/thumbnails/480_270_20_80/BMS/TVProgram/clean/C9901_C99000000029_01_0051-TileArt.jpg
제빵왕김탁구,드라마,,https://image.wavve.com/v1/thumbnails/480_720_20_80/BMS/TVSeason/2023/K02_T2010-0501-Vertical_LogoY.jpg
개와늑대의시간,드라마,,https://image.wavve.com/v1/thumbnails/480_720_20_80/202105/20210521/09f0fb4550d9072214e601f2246ad2e4.jpg
검사프린세스,드라마,,https://image.wavve.com/v1/thumbnails/480_720_20_80/BMS/TVSeason/2023/S01_V0000343372-Vertical_LogoY.jpg
핑크퐁 공룡 동요,키즈,모든연령,https://image.wavve.com/v1/thumbnails/480_720_20_80/BMS/program_poster/202010/C9601_C96000000014-2.jpg
엉뚱발랄 콩순이와 친구들 4기,키즈,모든연령,https://image.wavve.com/v1/thumbnails/480_720_20_80/BMS/program_poster/202012/F0901_F09000000005-2.jpg
뚜식이 특별편 원룸소년단,애니메이션,,https://image.wavve.com/v1/thumbnails/480_720_20_80/BMS/TVSeason/2023/C8201_C82000000584-Vertical_LogoY.jpg
신만이아는세계,애니메이션,,https://image.wavve.com/v1/thumbnails/480_720_20_80/BMS/program_poster/201908/C7201_C72000000063_2.jpg
코바야시네 메이드래곤S,애니메이션,,https://image.wavve.com/v1/thumbnails/480_720_20_80/BMS/program_poster/202111/C6101_C61000000401-2.jpg
겁쟁이페달 2기,애니메이션,,https://image.wavve.com/v1/thumbnails/480_720_20_80/BMS/program_poster/201802/H04_SP0000042057.jpg
뽀롱뽀롱 뽀로로4,키즈,모든연령,https://image.wavve.com/v1/thumbnails/480_720_20_80/BMS/program_poster/202209/F2301_F23000000219-2.jpg
브레드이발소 시즌3 Part1,키즈,,https://image.wavve.com/v1/thumbnails/480_720_20_80/BMS/program_poster/202210/F2201_F22000000002-2.jpg
벅스봇 이그니션 스페셜,애니메이션,,https://image.wavve.com/v1/thumbnails/480_720_20_80/meta/image/202308/1691632812059651227.jpg
브레드이발소 시즌3 Part2,키즈,모든연령,https://image.wavve.com/v1/thumbnails/480_720_20_80/BMS/TVSeason/2023/F2201_F22000000007-Vertical_LogoY.jpg
드래곤볼Z KAI 1기,애니메이션,,https://image.wavve.com/v1/thumbnails/480_720_20_80/BMS/program_poster/201804/CR02_DN0000000186.jpg
원펀맨 2,애니메이션,,https://image.wavve.com/v1/thumbnails/480_720_20_80/201909/20190930/d704cf4540b24a5b926de5f978fa9a7d.jpg
나의 신부 군,해외시리즈,,https://image.wavve.com/v1/thumbnails/480_720_20_80/meta/image/202306/1687851000782237797.jpg
양산형 리코  프라모델 걸의 인생 조립기,해외시리즈,,https://image.wavve.com/v1/thumbnails/480_720_20_80/BMS/TVSeason/2023/F4401_F44000000028-Vertical_LogoY.jpg
고쿠센 3,해외시리즈,,https://image.wavve.com/v1/thumbnails/480_720_20_80/BMS/program_poster/202102/CR02_DN0000000315-2.jpg
절대BL이되는세계VS절대BL이되고싶지않은남자2,해외시리즈,,https://image.wavve.com/v1/thumbnails/480_720_20_80/BMS/program_poster/202203/C3601_C36000000254-2.jpg
범죄의 순간들 시즌2,해외시리즈,,https://image.wavve.com/v1/thumbnails/480_720_20_80/BMS/TVSeason/2023/C3701_C37000000306-Vertical_LogoY.jpg
범죄의 순간들,해외시리즈,,https://image.wavve.com/v1/thumbnails/480_720_20_80/BMS/TVSeason/2023/C3701_C37000000274-Vertical_LogoY.jpg
아메리칸 극한직업,해외시리즈,,https://image.wavve.com/v1/thumbnails/480_720_20_80/BMS/TVSeason/2023/C3701_C37000000273-Vertical_LogoY.jpg
강석우의 종점여행 2,시사교양,모든연령,https://image.wavve.com/v1/thumbnails/480_720_20_80/meta/image/202309/1694581200668140765.jpg
